scheduler,sla_violation_rate_pct_mean,sla_violation_rate_pct_std,energy_wh_per_container_mean,energy_wh_per_container_std,fairness_index_mean,fairness_index_std,load_imbalance_score_mean,load_imbalance_score_std,scheduling_latency_ms_mean,scheduling_latency_ms_std,mean_reward_mean,mean_reward_std
LLM-MARL-Orch,59.166666666666664,11.785113019775796,0.006784018638200113,0.0010737194494464003,0.9999999999999376,0.0,5.204102012198922,0.5712292365224053,0.17698113749974692,0.024263691552651845,-0.41277840631761936,0.0491757163966509
LLM-MARL-Orch::No-Drift-Detection,59.583333333333336,11.195857368787,0.006115919038711299,0.00012888393483328657,0.9999999999999376,0.0,5.130244892022762,0.6756789775533507,0.1754619208334122,0.013865757045519189,-0.4129036712744427,0.04899856499582121
LLM-MARL-Orch::No-Fairness,59.583333333333336,11.195857368787,0.006115919038711299,0.00012888393483328657,0.9999999999999376,0.0,5.130244892022762,0.6756789775533507,0.18144840416649544,0.019944848324966385,-0.4129036712744427,0.04899856499582121
LLM-MARL-Orch::No-MARL,15.833333333333336,7.071067811865477,0.002779070901007862,0.0006697131669304058,0.9999999999999376,0.0,2.488470919502874,0.00613221683699536,0.16166570000004654,0.01798504884754799,-0.13945134581467689,0.021047995549305497
LLM-MARL-Orch::No-Semantic-Guidance,53.75,13.552879972742156,0.005893984659394377,0.00031532971898888936,0.9999999999999376,0.0,4.777199820405273,1.119276246071181,0.16545457916699036,0.02326669456122765,-0.583897024124607,0.046356446758207596
LLM-MARL-Orch::Static-Weights,53.75,13.552879972742156,0.005893984659394377,0.00031532971898888936,0.9999999999999376,0.0,4.777199820405273,1.119276246071181,0.16781687916654536,0.0026750733418648316,-0.583897024124607,0.046356446758207596
