metric,proposed,baseline,paired_runs,proposed_mean,baseline_mean,absolute_difference,relative_improvement_pct,t_statistic,p_value,cohens_d_paired
sla_violation_rate_pct,LLM-MARL-Orch,DeepSched,2,59.166666666666664,57.5,1.6666666666666643,-2.898550724637677,0.6666666666666639,0.6256659163780036,0.4714045207910297
energy_wh_per_container,LLM-MARL-Orch,DeepSched,2,0.006784018638200113,0.005936492746012383,0.00084752589218773,-14.276542201740645,1.1130660208938785,0.4659681780313917,0.787056531282389
carbon_g_per_container,LLM-MARL-Orch,DeepSched,2,0.0014523206804400788,0.0012383942415755702,0.00021392643886450867,-17.27450206747867,0.7806436788820501,0.5780316290018893,0.5519984390279113
mean_response_time_ms,LLM-MARL-Orch,DeepSched,2,189.76415884744938,186.39078266819183,3.373376179257548,-1.8098406643115754,0.6445496810046986,0.6355134294641115,0.4557654502500484
fairness_index,LLM-MARL-Orch,DeepSched,2,0.9999999999999376,0.9999999999999376,0.0,0.0,,,0.0
load_imbalance_score,LLM-MARL-Orch,DeepSched,2,5.204102012198922,5.055491001262967,0.14861101093595508,-2.9395959937190863,5.471409466265478,0.11508368113262728,3.8688707362445887
scheduling_latency_ms,LLM-MARL-Orch,DeepSched,2,0.17698113749974692,0.1480566458335571,0.028924491666189822,-19.536098162527786,2.7905611288320067,0.21905760890012882,1.9732246975126988
